URL,Version,Status,OIDs,Name,Title,Description,Used
http://dicom.nema.org/resources/ontology/DCM,2025.3.20250714,active,"1.2.840.10008.2.16.4",DICOMTerminologyDefinitions,DICOM Controlled Terminology Definitions,"DICOM Code Definitions (Coding Scheme Designator ""DCM"" Coding Scheme Version 2025.3.20250714","ValueSet/security-role-type,ValueSet/dicom-cid-33-Modality"
http://dvmd.de/fhir/CodeSystem/kdl,2025,active,"1.2.276.0.76.5.553",CodeSystemKDL,CodeSystem Klinische Dokumentenklassen-Liste (Version 2025),"Diese CodeSystem-Ressource definiert alle in der Klinischen Dokumentenklassen-Liste aktuell gültigen Codes.","ValueSet/kdl-vs-2025,ValueSet/mii-vs-patho-composition-type-kdl"
http://fdasis.nlm.nih.gov,1.0.0,active,"2.16.840.1.113883.4.9",UNII,Unique Ingredient Identifier (UNII),"A UNII is a non-proprietary, free, unique, unambiguous, nonsemantic, alphanumeric identifier based on a substance's molecular structure and/or descriptive information. UNII identifiers are generated based on scientific identity characteristics using ISO 11238 data elements. UNII availability does not imply any regulatory review or approval. Synonyms and mappings are based on the best public information available at the time of publication.","ValueSet/mii-vs-medikation-unii,ValueSet/mii-vs-onko-systemische-therapie-substanzen-unii"
http://fhir.de/CodeSystem/KontaktDiagnoseProzedur,1.5.4,active,,KontaktDiagnoseProzedur,KontaktDiagnoseProzedur,"Rolle/Relevanz von Diagnosen","ValueSet/DiagnoseTyp,ValueSet/Diagnosesubtyp"
http://fhir.de/CodeSystem/Kontaktebene,1.5.4,active,,Kontaktebene,Kontaktebene,"CodeSystem für die Ebene eines Kontaktes mit einer Gesundheitseinrichtung","ValueSet/kontaktebene-de"
http://fhir.de/CodeSystem/ask,null,active,,Ask,Arzneimittel-Stoffkatalog,"Arzneimittel-Stoffkatalog (ASK) Platzhalter-CodeSystem","ValueSet/mii-vs-medikation-ask"
http://fhir.de/CodeSystem/bfarm/alpha-id,null,active,,AlphaId,Alpha-ID,"Alpha-ID Platzhalter-CodeSystem","ValueSet/mii-vs-diagnose-alphaid"
http://fhir.de/CodeSystem/bfarm/atc,null,active,,Atc,ATC,"ATC Platzhalter-CodeSystem","ValueSet/mii-vs-medikation-atc"
http://fhir.de/CodeSystem/bfarm/icd-10-gm,null,active,,ICD10GM,ICD-10-GM,"ICD-10-GM Platzhalter-CodeSystem","ValueSet/mii-vs-diagnose-icd10gm,ValueSet/valueset-ICD-10-GM"
http://fhir.de/CodeSystem/bfarm/ops,null,active,,OPS,OPS,"OPS Platzhalter-CodeSystem","ValueSet/ops-vs,ValueSet/mii-vs-onko-mamma-operation-ops,ValueSet/mii-vs-onko-ops-strahlentherapie,ValueSet/mii-vs-onko-ops-nuklearmedizin,ValueSet/mii-vs-prozedur-ops"
http://fhir.de/CodeSystem/dgkev/Aufnahmeanlass,1.5.4,active,,CodeSystemAufnahmeanlass,CodeSystemAufnahmeanlass,"Aufnahmeanlass, Datenübermittlung nach § 301 Abs. 3 SGB V","ValueSet/AufnahmeanlassVS"
http://fhir.de/CodeSystem/dkgev/AufnahmegrundDritteStelle,1.5.4,active,,AufnahmegrundDritteStelle,AufnahmegrundDritteStelle,"Aufnahmegrund (3. Stelle), Datenübermittlung nach § 301 Abs. 3 SGB V","ValueSet/AufnahmegrundDritteStelleVS"
http://fhir.de/CodeSystem/dkgev/AufnahmegrundErsteUndZweiteStelle,1.5.4,active,,CodeSystemAufnahmegrundErsteUndZweiteStelle,CodeSystemAufnahmegrundErsteUndZweiteStelle,"Aufnahmegrund (1. und 2. Stelle), Datenübermittlung nach § 301 Abs. 3 SGB V","ValueSet/AufnahmegrundErsteUndZweiteStelleVS"
http://fhir.de/CodeSystem/dkgev/AufnahmegrundVierteStelle,1.5.4,active,,AufnahmegrundVierteStelle,AufnahmegrundVierteStelle,"Aufnahmegrund (4. Stelle), Datenübermittlung nach § 301 Abs. 3 SGB V","ValueSet/AufnahmegrundVierteStelleVS"
http://fhir.de/CodeSystem/dkgev/Fachabteilungsschluessel,1.5.4,active,,CodeSystemFachabteilungsschluessel,Fachabteilungsschluessel,"Fachabteilungen gemäß Anhang 1 der BPflV in der am 31.12.2003 geltenden Fassung","ValueSet/FachabteilungsschluesselVS"
http://fhir.de/CodeSystem/dkgev/Fachabteilungsschluessel-erweitert,1.5.4,active,,CodeSystemFachabteilungsschluesselErweitert,Fachabteilungsschluessel Erweitert,"Fachabteilungen gemäß Anhang 1 der BPflV in der am 31.12.2003 geltenden Fassung inkl. Spezialisierungen","ValueSet/FachabteilungsschluesselErweitert"
http://fhir.de/CodeSystem/identifier-type-de-basis,1.5.4,active,,IdentifierTypeDeBasis,Identifier Type De Basis,"Liste der Identfikatorentypen des deutschen Basisprofils welche die Standardtypen ergänzen.","ValueSet/identifier-type-de-basis"
http://fhir.de/CodeSystem/kontaktart-de,1.5.4,active,,KontaktArtDe,KontaktArtDe,"Klassifizierung eines Kontaktes mit einer Gesundheitseinrichtung","ValueSet/kontaktart-de"
http://hl7.org/fhir/CodeSystem/medication-statement-status,4.0.1,draft,"2.16.840.1.113883.4.642.4.1379",Medication Status Codes,Medication  status  codes,"Medication Status Codes","ValueSet/medication-statement-status"
http://hl7.org/fhir/CodeSystem/medication-status,4.0.1,draft,"2.16.840.1.113883.4.642.4.1380",Medication Status Codes,Medication  status  codes,"Medication Status Codes","ValueSet/medication-status"
http://hl7.org/fhir/CodeSystem/medicationrequest-intent,4.0.1,draft,"2.16.840.1.113883.4.642.4.1378",medicationRequest Intent,Medication request  intent,"MedicationRequest Intent Codes","ValueSet/medicationrequest-intent"
http://hl7.org/fhir/CodeSystem/medicationrequest-status,4.0.1,draft,"2.16.840.1.113883.4.642.4.1377",medicationrequest Status,Medicationrequest  status,"MedicationRequest Status Codes","ValueSet/medicationrequest-status"
http://hl7.org/fhir/action-cardinality-behavior,4.0.1,draft,"2.16.840.1.113883.4.642.4.808",ActionCardinalityBehavior,ActionCardinalityBehavior,"Defines behavior for an action or a group for how many times that item may be repeated.","ValueSet/action-cardinality-behavior"
http://hl7.org/fhir/action-condition-kind,4.0.1,draft,"2.16.840.1.113883.4.642.4.816",ActionConditionKind,ActionConditionKind,"Defines the kinds of conditions that can appear on actions.","ValueSet/action-condition-kind"
http://hl7.org/fhir/action-grouping-behavior,4.0.1,draft,"2.16.840.1.113883.4.642.4.800",ActionGroupingBehavior,ActionGroupingBehavior,"Defines organization behavior of a group.","ValueSet/action-grouping-behavior"
http://hl7.org/fhir/action-precheck-behavior,4.0.1,draft,"2.16.840.1.113883.4.642.4.806",ActionPrecheckBehavior,ActionPrecheckBehavior,"Defines selection frequency behavior for an action or group.","ValueSet/action-precheck-behavior"
http://hl7.org/fhir/action-relationship-type,4.0.1,draft,"2.16.840.1.113883.4.642.4.814",ActionRelationshipType,ActionRelationshipType,"Defines the types of relationships between actions.","ValueSet/action-relationship-type"
http://hl7.org/fhir/action-required-behavior,4.0.1,draft,"2.16.840.1.113883.4.642.4.804",ActionRequiredBehavior,ActionRequiredBehavior,"Defines expectations around whether an action or action group is required.","ValueSet/action-required-behavior"
http://hl7.org/fhir/action-selection-behavior,4.0.1,draft,"2.16.840.1.113883.4.642.4.802",ActionSelectionBehavior,ActionSelectionBehavior,"Defines selection behavior of a group.","ValueSet/action-selection-behavior"
http://hl7.org/fhir/address-type,4.0.1,active,"2.16.840.1.113883.4.642.4.70",AddressType,AddressType,"The type of an address (physical / postal).","ValueSet/address-type"
http://hl7.org/fhir/address-use,4.0.1,active,"2.16.840.1.113883.4.642.4.68",AddressUse,AddressUse,"The use of an address.","ValueSet/address-use"
http://hl7.org/fhir/administrative-gender,4.0.1,active,"2.16.840.1.113883.4.642.4.2",AdministrativeGender,AdministrativeGender,"The gender of a person used for administrative purposes.","ValueSet/administrative-gender"
http://hl7.org/fhir/adverse-event-actuality,4.0.1,draft,"2.16.840.1.113883.4.642.4.832",AdverseEventActuality,AdverseEventActuality,"Overall nature of the adverse event, e.g. real or potential.","ValueSet/adverse-event-actuality"
http://hl7.org/fhir/bundle-type,4.0.1,active,"2.16.840.1.113883.4.642.4.621",BundleType,BundleType,"Indicates the purpose of a bundle - how it is intended to be used.","ValueSet/bundle-type"
http://hl7.org/fhir/care-plan-activity-status,4.0.1,draft,"2.16.840.1.113883.4.642.4.147",CarePlanActivityStatus,CarePlanActivityStatus,"Codes that reflect the current state of a care plan activity within its overall life cycle.","ValueSet/care-plan-activity-status"
http://hl7.org/fhir/composition-attestation-mode,4.0.1,draft,"2.16.840.1.113883.4.642.4.239",CompositionAttestationMode,CompositionAttestationMode,"The way in which a person authenticated a composition.","ValueSet/composition-attestation-mode"
http://hl7.org/fhir/composition-status,4.0.1,draft,"2.16.840.1.113883.4.642.4.242",CompositionStatus,CompositionStatus,"The workflow/clinical status of the composition.","ValueSet/composition-status"
http://hl7.org/fhir/consent-data-meaning,4.0.1,draft,"2.16.840.1.113883.4.642.4.760",ConsentDataMeaning,ConsentDataMeaning,"How a resource reference is interpreted when testing consent restrictions.","ValueSet/consent-data-meaning"
http://hl7.org/fhir/consent-provision-type,4.0.1,draft,"2.16.840.1.113883.4.642.4.758",ConsentProvisionType,ConsentProvisionType,"How a rule statement is applied, such as adding additional consent or removing consent.","ValueSet/consent-provision-type"
http://hl7.org/fhir/consent-state-codes,4.0.1,draft,"2.16.840.1.113883.4.642.4.756",ConsentState,ConsentState,"Indicates the state of the consent.","ValueSet/consent-state-codes"
http://hl7.org/fhir/days-of-week,4.0.1,active,"2.16.840.1.113883.4.642.4.513",DaysOfWeek,DaysOfWeek,"The days of the week.","ValueSet/days-of-week"
http://hl7.org/fhir/device-nametype,4.0.1,draft,"2.16.840.1.113883.4.642.4.1084",DeviceNameType,DeviceNameType,"The type of name the device is referred by.","ValueSet/device-nametype"
http://hl7.org/fhir/device-status,4.0.1,draft,"2.16.840.1.113883.4.642.4.210",FHIRDeviceStatus,FHIRDeviceStatus,"The availability status of the device.","ValueSet/device-status"
http://hl7.org/fhir/diagnostic-report-status,4.0.1,draft,"2.16.840.1.113883.4.642.4.236",DiagnosticReportStatus,DiagnosticReportStatus,"The status of the diagnostic report.","ValueSet/diagnostic-report-status"
http://hl7.org/fhir/document-reference-status,4.0.1,draft,"2.16.840.1.113883.4.642.4.8",DocumentReferenceStatus,DocumentReferenceStatus,"The status of the document reference.","ValueSet/document-reference-status"
http://hl7.org/fhir/document-relationship-type,4.0.1,draft,"2.16.840.1.113883.4.642.4.245",DocumentRelationshipType,DocumentRelationshipType,"The type of relationship between documents.","ValueSet/document-relationship-type"
http://hl7.org/fhir/encounter-location-status,4.0.1,draft,"2.16.840.1.113883.4.642.4.263",EncounterLocationStatus,EncounterLocationStatus,"The status of the location.","ValueSet/encounter-location-status"
http://hl7.org/fhir/encounter-status,4.0.1,draft,"2.16.840.1.113883.4.642.4.247",EncounterStatus,EncounterStatus,"Current state of the encounter.","ValueSet/EncounterStatusDe,ValueSet/encounter-status"
http://hl7.org/fhir/event-status,4.0.1,draft,"2.16.840.1.113883.4.642.4.110",EventStatus,EventStatus,"Codes identifying the lifecycle stage of an event.","ValueSet/event-status,ValueSet/clinicalimpression-status"
http://hl7.org/fhir/event-timing,4.0.1,active,"2.16.840.1.113883.4.642.4.76",EventTiming,EventTiming,"Real world event relating to the schedule.","ValueSet/event-timing"
http://hl7.org/fhir/group-measure,4.0.1,draft,"2.16.840.1.113883.4.642.4.1346",GroupMeasure,GroupMeasure,"Possible group measure aggregates (E.g. Mean, Median).","ValueSet/group-measure"
http://hl7.org/fhir/history-status,4.0.1,draft,"2.16.840.1.113883.4.642.4.268",FamilyHistoryStatus,FamilyHistoryStatus,"A code that identifies the status of the family history record.","ValueSet/history-status"
http://hl7.org/fhir/http-verb,4.0.1,active,"2.16.840.1.113883.4.642.4.625",HTTPVerb,HTTPVerb,"HTTP verbs (in the HTTP command line). See [HTTP rfc](https://tools.ietf.org/html/rfc7231) for details.","ValueSet/http-verb"
http://hl7.org/fhir/identifier-use,4.0.1,active,"2.16.840.1.113883.4.642.4.58",IdentifierUse,IdentifierUse,"Identifies the purpose for this identifier, if known .","ValueSet/identifier-use"
http://hl7.org/fhir/imagingstudy-status,4.0.1,draft,"2.16.840.1.113883.4.642.4.991",ImagingStudyStatus,ImagingStudyStatus,"The status of the ImagingStudy.","ValueSet/imagingstudy-status"
http://hl7.org/fhir/link-type,4.0.1,active,"2.16.840.1.113883.4.642.4.424",LinkType,LinkType,"The type of link between this patient resource and another patient resource.","ValueSet/link-type"
http://hl7.org/fhir/list-mode,4.0.1,draft,"2.16.840.1.113883.4.642.4.319",ListMode,ListMode,"The processing mode that applies to this list.","ValueSet/list-mode"
http://hl7.org/fhir/list-status,4.0.1,draft,"2.16.840.1.113883.4.642.4.327",ListStatus,ListStatus,"The current state of the list.","ValueSet/list-status"
http://hl7.org/fhir/metric-calibration-state,4.0.1,draft,"2.16.840.1.113883.4.642.4.653",DeviceMetricCalibrationState,DeviceMetricCalibrationState,"Describes the state of a metric calibration.","ValueSet/metric-calibration-state"
http://hl7.org/fhir/metric-calibration-type,4.0.1,draft,"2.16.840.1.113883.4.642.4.651",DeviceMetricCalibrationType,DeviceMetricCalibrationType,"Describes the type of a metric calibration.","ValueSet/metric-calibration-type"
http://hl7.org/fhir/metric-category,4.0.1,draft,"2.16.840.1.113883.4.642.4.649",DeviceMetricCategory,DeviceMetricCategory,"Describes the category of the metric.","ValueSet/metric-category"
http://hl7.org/fhir/metric-color,4.0.1,draft,"2.16.840.1.113883.4.642.4.655",DeviceMetricColor,DeviceMetricColor,"Describes the typical color of representation.","ValueSet/metric-color"
http://hl7.org/fhir/metric-operational-status,4.0.1,draft,"2.16.840.1.113883.4.642.4.647",DeviceMetricOperationalStatus,DeviceMetricOperationalStatus,"Describes the operational status of the DeviceMetric.","ValueSet/metric-operational-status"
http://hl7.org/fhir/name-use,4.0.1,active,"2.16.840.1.113883.4.642.4.66",NameUse,NameUse,"The use of a human name.","ValueSet/name-use"
http://hl7.org/fhir/narrative-status,4.0.1,draft,"2.16.840.1.113883.4.642.4.56",NarrativeStatus,NarrativeStatus,"The status of a resource narrative.","ValueSet/narrative-status"
http://hl7.org/fhir/observation-status,4.0.1,active,"2.16.840.1.113883.4.642.4.401",ObservationStatus,ObservationStatus,"Codes providing the status of an observation.","ValueSet/observation-status"
http://hl7.org/fhir/provenance-entity-role,4.0.1,draft,"2.16.840.1.113883.4.642.4.437",ProvenanceEntityRole,ProvenanceEntityRole,"How an entity was used in an activity.","ValueSet/provenance-entity-role"
http://hl7.org/fhir/publication-status,4.0.1,active,"2.16.840.1.113883.4.642.4.4",PublicationStatus,PublicationStatus,"The lifecycle status of an artifact.","ValueSet/publication-status"
http://hl7.org/fhir/quantity-comparator,4.0.1,active,"2.16.840.1.113883.4.642.4.60",QuantityComparator,QuantityComparator,"How the Quantity should be understood and represented.","ValueSet/quantity-comparator"
http://hl7.org/fhir/related-artifact-type,4.0.1,draft,"2.16.840.1.113883.4.642.4.100",RelatedArtifactType,RelatedArtifactType,"The type of relationship to the related artifact.","ValueSet/related-artifact-type"
http://hl7.org/fhir/request-intent,4.0.1,draft,"2.16.840.1.113883.4.642.4.114",RequestIntent,RequestIntent,"Codes indicating the degree of authority/intentionality associated with a request.","ValueSet/request-intent,ValueSet/task-intent,ValueSet/care-plan-intent"
http://hl7.org/fhir/request-priority,4.0.1,draft,"2.16.840.1.113883.4.642.4.116",RequestPriority,RequestPriority,"Identifies the level of importance to be assigned to actioning the request.","ValueSet/request-priority"
http://hl7.org/fhir/request-status,4.0.1,draft,"2.16.840.1.113883.4.642.4.112",RequestStatus,RequestStatus,"Codes identifying the lifecycle stage of a request.","ValueSet/request-status"
http://hl7.org/fhir/research-study-status,4.0.1,draft,"2.16.840.1.113883.4.642.4.820",ResearchStudyStatus,ResearchStudyStatus,"Codes that convey the current status of the research study.","ValueSet/research-study-status"
http://hl7.org/fhir/research-subject-status,4.0.1,draft,"2.16.840.1.113883.4.642.4.830",ResearchSubjectStatus,ResearchSubjectStatus,"Indicates the progression of a study subject through a study.","ValueSet/research-subject-status"
http://hl7.org/fhir/resource-types,4.0.1,active,,ResourceType,ResourceType,"One of the resource types defined as part of this version of FHIR.","ValueSet/subject-type,ValueSet/consent-content-class,ValueSet/resource-types,ValueSet/care-plan-activity-kind"
http://hl7.org/fhir/search-entry-mode,4.0.1,active,"2.16.840.1.113883.4.642.4.623",SearchEntryMode,SearchEntryMode,"Why an entry is in the result set - whether it's included as a match or because of an _include requirement, or to convey information or warning information about the search process.","ValueSet/search-entry-mode"
http://hl7.org/fhir/sid/icd-10,2.1.1,retired,"2.16.840.1.113883.6.3",Icd10,ICD-10,"International Classification of Diseases revision 10 (ICD 10)","ValueSet/mii-vs-person-icd10who"
http://hl7.org/fhir/specimen-status,4.0.1,draft,"2.16.840.1.113883.4.642.4.472",SpecimenStatus,SpecimenStatus,"Codes providing the status/availability of a specimen.","ValueSet/specimen-status"
http://hl7.org/fhir/substance-status,4.0.1,draft,"2.16.840.1.113883.4.642.4.475",FHIRSubstanceStatus,FHIRSubstanceStatus,"A code to indicate if the substance is actively used.","ValueSet/substance-status"
http://hl7.org/fhir/task-intent,4.0.1,draft,"2.16.840.1.113883.4.642.4.1241",TaskIntent,TaskIntent,"Distinguishes whether the task is a proposal, plan or full order.","ValueSet/task-intent"
http://hl7.org/fhir/task-status,4.0.1,draft,"2.16.840.1.113883.4.642.4.791",TaskStatus,TaskStatus,"The current status of the task.","ValueSet/task-status"
http://hl7.org/fhir/udi-entry-type,4.0.1,draft,"2.16.840.1.113883.4.642.4.212",UDIEntryType,UDIEntryType,"Codes to identify how UDI data was entered.","ValueSet/udi-entry-type"
http://hl7.org/fhir/uv/genomics-reporting/CodeSystem/clinvar-evidence-level-custom-cs,3.0.0,active,,ClinVarEvidenceLevelCustomCS,ClinVar Evidence Level Example Codes,"ClinVar contains examples of evidence level concepts that are not conflated with clinical significance. These can be found on  ClinVar https://www.ncbi.nlm.nih.gov/clinvar/docs/review_status/ . These examples are informational only, for copyright information contact the relevant source.","ValueSet/evidence-level-example-vs"
http://hl7.org/fhir/uv/genomics-reporting/CodeSystem/genomic-study-type-cs,3.0.0,active,,GenomicStudyTypeCS,Genomic Study Type CodeSystem,"Backport of http://hl7.org/fhir/genomicstudy-type","ValueSet/genomic-study-type-vs"
http://hl7.org/fhir/uv/genomics-reporting/CodeSystem/molecular-biomarker-ontology-cs,3.0.0,active,,MolecularBiomarkerOntologyCS,Molecular Biomarker Ontology Codes,"This (experimental) code system provides for a draft categorization of biomarkers along several axes. Based on ballot feedback, the committee anticipates significant revisions.","ValueSet/molecular-biomarker-category-vs"
http://hl7.org/fhir/uv/genomics-reporting/CodeSystem/pharmgkb-evidence-level-custom-cs,3.0.0,active,,PharmGKBEvidenceLevelCustomCS,PharmGKB Evidence Level Example Codes,"PharmGKB contains examples of evidence level concepts that are not conflated with clinical significance. These can be found on PharmGKB https://www.pharmgkb.org/page/clinAnnLevels. These examples are informational only, for copyright information contact the relevant source.","ValueSet/evidence-level-example-vs"
http://hl7.org/fhir/variable-type,4.0.1,draft,"2.16.840.1.113883.4.642.4.1344",EvidenceVariableType,EvidenceVariableType,"The possible types of variables for exposures or outcomes (E.g. Dichotomous, Continuous, Descriptive).","ValueSet/variable-type"
http://human-phenotype-ontology.org,1.0.0,active,"2.16.840.1.113883.6.339",HPO,Human Phenotype Ontology,"""The Human Phenotype Ontology (HPO) provides a standardized vocabulary of phenotypic abnormalities encountered in human disease. Each term in the HPO describes a phenotypic abnormality, such as Atrial septal defect. The HPO is currently being developed using the medical literature, Orphanet, DECIPHER, and OMIM. HPO currently contains over 13,000 terms and over 156,000 annotations to hereditary diseases. The HPO project and others have developed software for phenotype-driven differential diagnostics, genomic diagnostics, and translational research. The HPO is a flagship product of the Monarch Initiative, an NIH-supported international consortium dedicated to semantic integration of biomedical and model organism data with the ultimate goal of improving biomedical research. The HPO, as a part of the Monarch Initiative, is a central component of one of the 13 driver projects in the Global Alliance for Genomics and Health (GA4GH) strategic roadmap.""    Please see https://hpo.jax.org/app/download/ontology.    Releases, produced approximately every 2 months, can be found [here](https://github.com/obophenotype/human-phenotype-ontology/releases).","ValueSet/condition-inheritance-mode-vs,ValueSet/mii-vs-seltene-hpo-severity,ValueSet/mii-vs-seltene-hpo-phenotypic-observation-codes"
http://ihe-d.de/CodeSystems/DokumentenWarnhinweise,2021-07-06T21:19:41,active,,DokumentenWarnhinweise,Dokumenten Warnhinweise,"","ValueSet/1.2.276.0.76.11.34--20210706211941"
http://ihe-d.de/CodeSystems/FallkontextBeiDokumentenerstellung,2021-07-06T21:19:41,active,,FallkontextBeiDokumentenerstellung,Fallkontext Bei Dokumentenerstellung,"","ValueSet/mii-vs-medikation-fallkontext,ValueSet/1.2.276.0.76.11.34--20210706211941"
http://ihe-d.de/CodeSystems/IHEXDSclassCode,2021-06-25T13:44:47,active,,IHEXDSclassCode, IHEXDSclassCode,"","ValueSet/1.2.276.0.76.11.32--20210625134447"
http://ihe-d.de/CodeSystems/IHEXDStypeCode,2020-02-07T07:55:58,active,,IHEXDStypeCode,IHEXDStypeCode,"","ValueSet/1.2.276.0.76.11.38--20200207075558"
http://ihe.net/fhir/ihe.formatcode.fhir/CodeSystem/formatcode,1.4.0,active,"1.3.6.1.4.1.19376.1.2.3",IHE_FormatCode_codesystem,IHE Format Code set for use with Document Sharing,"The [IHE](http://www.ihe.net) FormatCode code system with canonical URI of http://ihe.net/fhir/ihe.formatcode.fhir/CodeSystem/formatcode is defined to be the set of FormatCodes define by IHE, for use with [Document Sharing](https://profiles.ihe.net/ITI/HIE-Whitepaper/index.html). This code set additionally includes, as deprecated, format codes defined by [HL7 for some Implementation Guides](http://wiki.hl7.org/index.php?title=CDA_Format_Codes_for_IHE_XDS). The HL7 codes are now managed by HL7. The set of IHE FormatCode codes was listed in HITSP C80 Table 2-153 Format Code Value Set Definition, but since has been updated. The use of the FormatCode specifies the technical format of the document. The FormatCode tends to reference the IHE Content Profile (Implementation Guide) that defines the use-case and constraints. The FormatCode is a further specialization more detailed than the mime-type. The FormatCode provides sufficient metadata information to allow any potential document content consumer to know if it can process and/or display by identifying a document encoding, structure and template. The set of codes is intended to be preferred.","ValueSet/1.2.276.0.76.11.34--20210706211941"
http://loinc.org,3.1.0,active,"2.16.840.1.113883.6.1",LOINC,Logical Observation Identifiers, Names and Codes (LOINC),"LOINC provides a set of universal names and ID codes for identifying laboratory and clinical test results.1,2 LOINC facilitates the exchange and pooling of results, such as blood hemoglobin, serum potassium, or vital signs, for clinical care, outcomes management, and research. LOINC's universal identifiers (names and codes) can be used in the context of order and observation exchanges between information systems that use syntax standards such as HL73, CEN TC251, ISO TC215, ASTM4, and DICOM. Specifically, the identifier can be used as the coded value for an observation in any other standard that uses the observation/observation value paradigm, whether messages, documents, application programming interface (API), etc. For example, LOINC codes are used widely in the OBX segment Observation Identifier field (OBX-3) of an ORU HL7 (HL7 version 2.x or ASTM 1238-9410) message that may be sent between a Clinical Laboratory Information Management Systems (LIMS) and Electronic Health Record Systems (EHR).5, 6 In this way, LOINC codes provide universal identifiers that allow the exchange of clinical data between heterogeneous computing environments.","ValueSet/mii-vs-onko-krk-abstand-circumferelle-resektionsrand,ValueSet/mii-vs-patho-service-request-code,ValueSet/mii-vs-onko-mamma-rezeptorstatus-obds,ValueSet/mii-vs-bildgebung-diagnostic-report-code-lnc,ValueSet/document-classcodes,ValueSet/mii-vs-onko-melanom-ldh,ValueSet/doc-typecodes,ValueSet/1.2.276.0.76.11.38--20200207075558,ValueSet/report-codes,ValueSet/observation-codes,ValueSet/mii-vs-patho-all-loinc,ValueSet/mii-vs-seltene-hpo-presence-status,ValueSet/mii-vs-onko-prostata-psa-loinc,ValueSet/molecular-biomarker-code-vs,ValueSet/consent-category,ValueSet/vs-mii-icu-code-monitoring-und-vitaldaten-loinc,ValueSet/c80-doc-typecodes,ValueSet/1.2.276.0.76.11.32--20210625134447,ValueSet/consent-content-code,ValueSet/doc-section-codes,ValueSet/mii-vs-labor-order-codes,ValueSet/mii-vs-icu-code-observation-beatmung-loinc,ValueSet/mii-vs-seltene-blutgruppe,ValueSet/mii-vs-patho-section-types-loinc,ValueSet/null,ValueSet/mii-vs-onko-krk-abstand-resektionslinie-aboral,ValueSet/mii-vs-icu-code-observation-extrakorporale-verfahren-loinc,ValueSet/mii-vs-icu-code-observation-bilanzen-loinc,ValueSet/genetic-therapeutic-implications-vs"
http://ncicb.nci.nih.gov/xml/owl/EVS/Thesaurus.owl,3.0.0,active,"2.16.840.1.113883.3.26.1.1",NciThesaurus,NCI Thesaurus,"NCI Thesaurus NCI Thesaurus is a biomedical thesaurus created specifically to meet the needs of the cancer research community, especially those engaged in translational research NCI Thesaurus is produced by the NCI Enterprise Vocabulary Services project. The NCI Thesaurus is provided under an open content license.","ValueSet/mii-vs-onko-weitere-klassifikationen,ValueSet/molecular-biomarker-code-vs"
http://snomed.info/sct,null,active,"2.16.840.1.113883.6.96",SNOMED_CT,SNOMED CT (all versions),"SNOMED CT is the most comprehensive and precise clinical health terminology product in the world, owned and distributed around the world by The International Health Terminology Standards Development Organisation (IHTSDO).","ValueSet/device-type,ValueSet/mii-vs-icu-devicemetric-extrakorporale-verfahren-snomed,ValueSet/specimen-container-type,ValueSet/mii-vs-bildgebung-diagnostic-report-code-sct,ValueSet/mii-vs-diagnose-bodystructure-snomed,ValueSet/mii-vs-onko-prostata-gleason-primary-secondary-tertiary,ValueSet/mii-vs-onko-prostata-clavien-dindo,ValueSet/specimen-collection-method,ValueSet/adverse-event-type,ValueSet/body-site,ValueSet/manifestation-or-symptom,ValueSet/mii-vs-biobank-substance-additive-sct,ValueSet/reason-medication-status-codes,ValueSet/c80-facilitycodes,ValueSet/mii-vs-biobank-containertyp-sct,ValueSet/mii-vs-biobank-cellline-proliferation,ValueSet/mii-vs-onko-prostata-gleason-score,ValueSet/mii-vs-dokument-einrichtungsart,ValueSet/mii-vs-seltene-blutgruppe,ValueSet/media-view,ValueSet/mii-vs-icu-code-extrakorporale-verfahren,ValueSet/vs-mii-icu-code-monitoring-und-vitaldaten-snomed,ValueSet/mii-vs-icu-code-observation-bilanzen-snomed,ValueSet/observation-methods,ValueSet/genetic-therapeutic-implications-vs,ValueSet/mii-vs-patho-service-request-code,ValueSet/clinical-findings,ValueSet/encounter-reason,ValueSet/mii-vs-biobank-karyotyp-sct,ValueSet/participant-role,ValueSet/additional-instruction-codes,ValueSet/lebensphase-de,ValueSet/mii-vs-dokument-fachgebiet,ValueSet/device-action,ValueSet/mii-vs-icu-code-observation-beatmung-snomed,ValueSet/mii-vs-bildgebung-observation-body-site-sct,ValueSet/mii-vs-patho-problem-list-snomed-ct,ValueSet/medication-codes,ValueSet/mii-vs-icu-code-observation-extrakorporale-verfahren-snomed,ValueSet/reason-medication-not-given-codes,ValueSet/mii-vs-icu-bodysite-observation-extrakorporale-verfahren,ValueSet/mii-vs-onko-prostata-gleason-patterns,ValueSet/device-kind,ValueSet/performer-role,ValueSet/referencerange-appliesto,ValueSet/route-codes,ValueSet/mii-vs-seltene-symptom-change-status-combined,ValueSet/dicom-cid-244-Laterality,ValueSet/condition-code,ValueSet/practitioner-role,ValueSet/procedure-not-performed-reason,ValueSet/mii-vs-onko-weitere-klassifikationen,ValueSet/mii-vs-patho-composition-type-snomed-ct,ValueSet/administration-method-codes,ValueSet/VitalSignDE-Kopfumfang-SNOMED-CT,ValueSet/mii-vs-dokument-sct-dokument-typ,ValueSet/servicerequest-category,ValueSet/mii-vs-onko-krk-stoma-status-reason,ValueSet/mii-vs-onko-tnm-m-kategorie,ValueSet/procedure-followup,ValueSet/mii-vs-onko-mamma-operation-sct,ValueSet/mii-vs-onko-mamma-intraoperatives-imaging-praeparat,ValueSet/mii-vs-patho-processing-procedure-snomed-ct,ValueSet/mii-vs-onko-melanom-exzision-snomedct,ValueSet/procedure-code,ValueSet/mii-vs-onko-tnm-t-kategorie,ValueSet/bodystructure-code,ValueSet/medication-as-needed-reason,ValueSet/mii-vs-icu-category-procedure-beatmung-snomed,ValueSet/mii-vs-onko-mamma-menopause-status,ValueSet/mii-vs-icu-bodysite-observation-beatmung,ValueSet/mii-vs-onko-tnm-n-kategorie,ValueSet/mii-vs-biobank-probenart-sct,ValueSet/substance-code,ValueSet/mii-vs-patho-media-modality-snomed-ct,ValueSet/mii-vs-patho-collection-method-snomed-ct,ValueSet/VitalSignDE-Atemfrequenz-SNOMED-CT,ValueSet/care-plan-category,ValueSet/mii-vs-molgen-family-member-snomed,ValueSet/mii-vs-bildgebung-findings-sct,ValueSet/servicerequest-orderdetail,ValueSet/investigation-sets,ValueSet/condition-stage,ValueSet/clinicalimpression-prognosis,ValueSet/mii-vs-onko-weitere-klassifikationen-auspraegungen,ValueSet/approach-site-codes,ValueSet/condition-predecessor,ValueSet/mii-vs-prozedur-prozeduren-snomedct,ValueSet/mii-vs-prozedur-opskategorien-snomedct,ValueSet/mii-vs-onko-tnm-klassifikation-typ,ValueSet/mii-vs-bildgebung-imaging-procedure-code-sct,ValueSet/mii-vs-diagnose-diagnosecodes-snomed,ValueSet/VitalSignDE-Koerpergroesse-SNOMED-CT,ValueSet/mii-vs-onko-prostata-operation-snomedct,ValueSet/mii-vs-biobank-cellline-morphology-sct,ValueSet/VitalSignDE-Koerpergewicht-SNOMED-CT,ValueSet/mii-vs-onko-mamma-praeoperative-markierung-modalitaet,ValueSet/c80-practice-codes,ValueSet/vs-mii-icu-bodysite-observation-monitoring-und-vitaldaten,ValueSet/mii-vs-icu-code-procedure-beatmung-snomed,ValueSet/mii-vs-patho-container-type-snomed-ct,ValueSet/procedure-outcome,ValueSet/care-plan-activity-outcome,ValueSet/procedure-reason,ValueSet/mii-vs-dokument-sct-dokument-kategorie,ValueSet/procedure-category,ValueSet/mii-vs-biobank-body-structures-sct,ValueSet/condition-stage-type,ValueSet/condition-outcome,ValueSet/mii-vs-biobank-laboratory-procedure-sct,ValueSet/condition-severity"
http://terminology.hl7.org/CodeSystem/action-type,1.0.1,active,"2.16.840.1.113883.4.642.1.1246",ActionType,ActionType,"The type of action to be performed.","ValueSet/action-type"
http://terminology.hl7.org/CodeSystem/adverse-event-category,2.0.0,active,"2.16.840.1.113883.4.642.1.1251",AdverseEventCategory,AdverseEventCategory,"Overall categorization of the event, e.g. product-related or situational.","ValueSet/adverse-event-category"
http://terminology.hl7.org/CodeSystem/adverse-event-causality-assess,1.0.1,active,"2.16.840.1.113883.4.642.1.1254",AdverseEventCausalityAssessment,AdverseEventCausalityAssessment,"Codes for the assessment of whether the entity caused the event.","ValueSet/adverse-event-causality-assess"
http://terminology.hl7.org/CodeSystem/adverse-event-causality-method,2.0.0,active,"2.16.840.1.113883.4.642.1.1255",AdverseEventCausalityMethod,AdverseEventCausalityMethod,"This code system contains methods for assessing causality.","ValueSet/adverse-event-causality-method"
http://terminology.hl7.org/CodeSystem/adverse-event-outcome,4.0.1,draft,"2.16.840.1.113883.4.642.4.1252",AdverseEventOutcome,AdverseEventOutcome,"TODO (and should this be required?).","ValueSet/adverse-event-outcome"
http://terminology.hl7.org/CodeSystem/adverse-event-severity,1.0.0,draft,"2.16.840.1.113883.4.642.1.1256",AdverseEventSeverity,AdverseEventSeverity,"The severity of the adverse event itself, in direct relation to the subject.","ValueSet/adverse-event-severity"
http://terminology.hl7.org/CodeSystem/common-tags,1.0.1,active,"2.16.840.1.113883.4.642.1.1067",CommonTags,Common Tags,"Common Tag Codes defined by FHIR project","ValueSet/common-tags"
http://terminology.hl7.org/CodeSystem/condition-category,2.0.0,active,"2.16.840.1.113883.4.642.1.1073",ConditionCategoryCodes,Condition Category Codes,"Preferred value set for Condition Categories.","ValueSet/condition-category"
http://terminology.hl7.org/CodeSystem/condition-clinical,3.0.0,active,"2.16.840.1.113883.4.642.1.1074",ConditionClinicalStatusCodes,Condition Clinical Status Codes,"Preferred value set for Condition Clinical Status.","ValueSet/condition-clinical"
http://terminology.hl7.org/CodeSystem/condition-ver-status,2.0.1,active,"2.16.840.1.113883.4.642.1.1075",ConditionVerificationStatus,ConditionVerificationStatus,"The verification status to support or decline the clinical status of the condition or diagnosis.","ValueSet/condition-ver-status"
http://terminology.hl7.org/CodeSystem/consentaction,1.0.1,active,"2.16.840.1.113883.4.642.1.1227",ConsentActionCodes,Consent Action Codes,"This value set includes sample Consent Action codes.","ValueSet/consent-action"
http://terminology.hl7.org/CodeSystem/consentcategorycodes,1.0.1,active,"2.16.840.1.113883.4.642.1.1226",ConsentCategoryCodes,Consent Category Codes,"This value set includes sample Consent Directive Type codes, including several consent directive related LOINC codes; HL7 VALUE SET: ActConsentType(2.16.840.1.113883.1.11.19897); examples of US realm consent directive legal descriptions and references to online and/or downloadable forms such as the SSA-827 Authorization to Disclose Information to the Social Security Administration; and other anticipated consent directives related to participation in a clinical trial, medical procedures, reproductive procedures; health care directive (Living Will); advance directive, do not resuscitate (DNR); Physician Orders for Life-Sustaining Treatment (POLST)","ValueSet/consent-category"
http://terminology.hl7.org/CodeSystem/consentpolicycodes,3.0.1,active,"2.16.840.1.113883.4.642.1.1229",ConsentPolicyRuleCodes,Consent PolicyRule Codes,"This value set includes sample Regulatory consent policy types from the US and other regions.","ValueSet/consent-policy"
http://terminology.hl7.org/CodeSystem/consentscope,2.0.1,active,"2.16.840.1.113883.4.642.1.1228",ConsentScopeCodes,Consent Scope Codes,"This value set includes the four Consent scope codes.","ValueSet/consent-scope"
http://terminology.hl7.org/CodeSystem/contactentity-type,1.0.0,draft,"2.16.840.1.113883.4.642.1.1129",ContactEntityType,Contact entity type,"This example value set defines a set of codes that can be used to indicate the purpose for which you would contact a contact party.","ValueSet/contactentity-type"
http://terminology.hl7.org/CodeSystem/contractsignertypecodes,1.0.1,active,"2.16.840.1.113883.4.642.1.1201",ContractSignerTypeCodes,Contract Signer Type Codes,"This value set includes sample Contract Signer Type codes.","ValueSet/security-role-type"
http://terminology.hl7.org/CodeSystem/data-absent-reason,1.0.0,active,"2.16.840.1.113883.4.642.4.1048",DataAbsentReason,DataAbsentReason,"Used to specify why the normally expected content of the data element is missing.","ValueSet/data-absent-reason"
http://terminology.hl7.org/CodeSystem/definition-topic,1.0.1,active,"2.16.840.1.113883.4.642.1.1244",DefinitionTopic,DefinitionTopic,"High-level categorization of the definition, used for searching, sorting, and filtering.","ValueSet/definition-topic"
http://terminology.hl7.org/CodeSystem/device-status-reason,1.0.0,draft,"2.16.840.1.113883.4.642.1.1082",FHIRDeviceStatusReason,FHIRDeviceStatusReason,"The availability status reason of the device.","ValueSet/device-status-reason"
http://terminology.hl7.org/CodeSystem/diagnosis-role,1.1.1,active,"2.16.840.1.113883.4.642.1.1054",DiagnosisRole,Diagnosis Role,"This value set defines a set of codes that can be used to express the role of a diagnosis on the Encounter or EpisodeOfCare record.","ValueSet/Diagnosesubtyp"
http://terminology.hl7.org/CodeSystem/diet,1.0.1,active,"2.16.840.1.113883.4.642.1.1091",Diet,Diet,"This value set defines a set of codes that can be used to indicate dietary preferences or restrictions a patient may have.","ValueSet/encounter-diet"
http://terminology.hl7.org/CodeSystem/discharge-disposition,1.0.1,active,"2.16.840.1.113883.4.642.1.1093",DischargeDisposition,Discharge disposition,"This value set defines a set of codes that can be used to where the patient left the hospital.","ValueSet/encounter-discharge-disposition"
http://terminology.hl7.org/CodeSystem/dose-rate-type,1.0.0,draft,"2.16.840.1.113883.4.642.1.1069",DoseAndRateType,DoseAndRateType,"The kind of dose or rate specified.","ValueSet/dose-rate-type"
http://terminology.hl7.org/CodeSystem/encounter-special-arrangements,1.0.1,active,"2.16.840.1.113883.4.642.1.1090",SpecialArrangements,Special arrangements,"This value set defines a set of codes that can be used to indicate the kinds of special arrangements in place for a patients visit.","ValueSet/encounter-special-arrangements"
http://terminology.hl7.org/CodeSystem/encounter-type,1.0.1,active,"2.16.840.1.113883.4.642.1.1088",EncounterType,Encounter type,"This example value set defines a set of codes that can be used to indicate the type of encounter: a specific code indicating type of service provided.","ValueSet/encounter-type"
http://terminology.hl7.org/CodeSystem/extra-security-role-type,1.0.1,active,,SecurityRoleType,Security Role Type,"This CodeSystem contains Additional FHIR-defined Security Role types not defined elsewhere","ValueSet/security-role-type"
http://terminology.hl7.org/CodeSystem/history-absent-reason,1.0.1,active,"2.16.840.1.113883.4.642.1.1094",FamilyHistoryAbsentReason,FamilyHistoryAbsentReason,"Codes describing the reason why a family member's history is not available.","ValueSet/history-absent-reason"
http://terminology.hl7.org/CodeSystem/icd-o-3,2.0.1,active,"2.16.840.1.113883.6.43.1",IcdO3,International Classification of Diseases for Oncology, version 3.,"International Classification of Diseases for Oncology, version 3. For more information see http://www.who.int/classifications/icd/adaptations/oncology/en/.","ValueSet/mii-vs-onko-icdo3-topographie,ValueSet/mii-vs-onko-icdo3-morphologie"
http://terminology.hl7.org/CodeSystem/library-type,1.0.1,active,"2.16.840.1.113883.4.642.1.1230",LibraryType,LibraryType,"The type of knowledge asset this library contains.","ValueSet/library-type"
http://terminology.hl7.org/CodeSystem/list-empty-reason,1.0.1,active,"2.16.840.1.113883.4.642.1.1106",ListEmptyReasons,List Empty Reasons,"General reasons for a list to be empty. Reasons are either related to a summary list (i.e. problem or medication list) or to a workflow related list (i.e. consultation list).","ValueSet/list-empty-reason"
http://terminology.hl7.org/CodeSystem/list-example-use-codes,1.0.1,active,"2.16.840.1.113883.4.642.1.1105",ExampleUseCodesForList,Example Use Codes for List,"Example use codes for the List resource - typical kinds of use.","ValueSet/list-example-codes"
http://terminology.hl7.org/CodeSystem/list-order,2.0.0,active,"2.16.840.1.113883.4.642.1.1107",ListOrderCodes,List Order Codes,"Base values for the order of item lists in resources.","ValueSet/list-order"
http://terminology.hl7.org/CodeSystem/location-physical-type,2.0.1,active,"2.16.840.1.113883.4.642.1.1108",LocationType,Location type,"This example value set defines a set of codes that can be used to indicate the physical form of the Location.  This includes several 'non physical' codes which are still considered a location.","ValueSet/mii-vs-fall-location-physical-type,ValueSet/location-physical-type"
http://terminology.hl7.org/CodeSystem/med-admin-perform-function,1.0.1,active,"2.16.840.1.113883.4.642.1.1112",MedicationAdministrationPerformerFunctionCodes,MedicationAdministration Performer Function Codes,"MedicationAdministration Performer Function Codes","ValueSet/med-admin-perform-function"
http://terminology.hl7.org/CodeSystem/media-type,4.0.1,draft,"2.16.840.1.113883.4.642.1.326",MediaType,Media Type,"Codes for high level media categories.","ValueSet/media-type"
http://terminology.hl7.org/CodeSystem/medication-admin-category,4.0.1,draft,"2.16.840.1.113883.4.642.4.1111",MedicationAdministration Category Codes,Medication administration  category  codes,"MedicationAdministration Category Codes","ValueSet/medication-admin-category"
http://terminology.hl7.org/CodeSystem/medication-admin-status,4.0.1,draft,"2.16.840.1.113883.4.642.4.1311",MedicationAdministration Status Codes,Medication administration  status  codes,"MedicationAdministration Status Codes","ValueSet/medication-admin-status"
http://terminology.hl7.org/CodeSystem/medication-statement-category,4.0.1,draft,"2.16.840.1.113883.4.642.4.1120",Medication usage category codes,Medication usage category codes,"Medication Status Codes","ValueSet/medication-statement-category"
http://terminology.hl7.org/CodeSystem/medicationrequest-category,1.0.0,draft,"2.16.840.1.113883.4.642.1.1323",MedicationRequestCategoryCodes,MedicationRequest Category Codes,"MedicationRequest Category Codes","ValueSet/medicationrequest-category"
http://terminology.hl7.org/CodeSystem/medicationrequest-course-of-therapy,1.0.1,active,"2.16.840.1.113883.4.642.1.1327",MedicationRequestCourseOfTherapyCodes,MedicationRequest Course of Therapy Codes,"MedicationRequest Course of Therapy Codes","ValueSet/medicationrequest-course-of-therapy"
http://terminology.hl7.org/CodeSystem/medicationrequest-status-reason,1.0.1,active,"2.16.840.1.113883.4.642.1.1325",MedicationRequestStatusReasonCodes,MedicationRequest Status Reason Codes,"MedicationRequest Status Reason Codes","ValueSet/medicationrequest-status-reason"
http://terminology.hl7.org/CodeSystem/observation-category,2.0.0,active,"2.16.840.1.113883.4.642.1.1125",ObservationCategoryCodes,Observation Category Codes,"Observation Category codes.","ValueSet/mii-vs-icu-category-observation-bilanzen-hl7,ValueSet/observation-category"
http://terminology.hl7.org/CodeSystem/organization-type,2.0.1,active,"2.16.840.1.113883.4.642.1.1128",OrganizationType,Organization type,"This example value set defines a set of codes that can be used to indicate a type of organization.","ValueSet/organization-type"
http://terminology.hl7.org/CodeSystem/participant-type,1.0.1,active,"2.16.840.1.113883.4.642.1.1089",ParticipantType,Participant type,"This value set defines a set of codes that can be used to indicate how an individual participates in an encounter.","ValueSet/encounter-participant-type"
http://terminology.hl7.org/CodeSystem/practitioner-role,1.0.1,active,"2.16.840.1.113883.4.642.1.1132",PractitionerRole,Practitioner role,"This example value set defines a set of codes that can be used to indicate the role of a Practitioner.","ValueSet/practitioner-role"
http://terminology.hl7.org/CodeSystem/provenance-participant-type,2.0.0,active,"2.16.840.1.113883.4.642.1.1131",ProvenanceParticipantType,Provenance participant type,"These codes define the type of participation by an agent in a provenance activity. An agent is something that bears the responsibility identified by the type of participation in the activity taking place, for the existence of an entity, or for another agent's activity. An Agent may be An agent, device, system, organization, group, care-team, or other identifiable thing.","ValueSet/provenance-agent-type"
http://terminology.hl7.org/CodeSystem/reason-medication-given,1.0.1,active,"2.16.840.1.113883.4.642.1.1110",ReasonMedicationGivenCodes,Reason Medication Given Codes,"This value set is provided as an example. The value set to instantiate this attribute should be drawn from a robust terminology code system that consists of or contains concepts to support the medication process.","ValueSet/reason-medication-given-codes"
http://terminology.hl7.org/CodeSystem/referencerange-meaning,1.0.1,active,"2.16.840.1.113883.4.642.1.1124",ObservationReferenceRangeMeaningCodes,Observation Reference Range Meaning Codes,"This value set defines a set of codes that can be used to indicate the meaning/use of a reference range for a particular target population.","ValueSet/referencerange-meaning"
http://terminology.hl7.org/CodeSystem/research-study-objective-type,1.0.0,draft,"2.16.840.1.113883.4.642.1.1248",ResearchStudyObjectiveType,ResearchStudyObjectiveType,"Codes for the kind of study objective.","ValueSet/research-study-objective-type"
http://terminology.hl7.org/CodeSystem/research-study-phase,1.0.0,active,"2.16.840.1.113883.4.642.1.1247",ResearchStudyPhase,ResearchStudyPhase,"Codes for the stage in the progression of a therapy from initial experimental use in humans in clinical trials to post-market evaluation.","ValueSet/research-study-phase"
http://terminology.hl7.org/CodeSystem/research-study-prim-purp-type,1.0.0,draft,"2.16.840.1.113883.4.642.1.1250",ResearchStudyPrimaryPurposeType,ResearchStudyPrimaryPurposeType,"Codes for the main intent of the study.","ValueSet/research-study-prim-purp-type"
http://terminology.hl7.org/CodeSystem/research-study-reason-stopped,1.0.0,draft,"2.16.840.1.113883.4.642.1.1249",ResearchStudyReasonStopped,ResearchStudyReasonStopped,"Codes for why the study ended prematurely.","ValueSet/research-study-reason-stopped"
http://terminology.hl7.org/CodeSystem/risk-probability,1.0.1,active,"2.16.840.1.113883.4.642.1.1133",RiskProbability,Risk Probability,"Codes representing the likelihood of a particular outcome in a risk assessment.","ValueSet/risk-probability"
http://terminology.hl7.org/CodeSystem/service-type,1.1.1,active,"2.16.840.1.113883.4.642.1.1145",ServiceType,Service type,"This value set defines an example set of codes of service-types.","ValueSet/service-type"
http://terminology.hl7.org/CodeSystem/substance-category,1.0.1,active,"2.16.840.1.113883.4.642.1.1138",SubstanceCategoryCodes,Substance Category Codes,"Substance category codes","ValueSet/substance-category"
http://terminology.hl7.org/CodeSystem/v2-0074,3.0.0,active,"2.16.840.1.113883.18.29",DiagnosticServiceSectionId,diagnosticServiceSectionId,"HL7-defined code system of concepts which specify a section of a diagnostic service where the observation may be performed.  Used in HL7 Version 2.x messaging in the OBR and OM4 segments.","ValueSet/diagnostic-service-sections,ValueSet/mii-vs-patho-report-category-hl7"
http://terminology.hl7.org/CodeSystem/v2-0092,3.0.0,active,"2.16.840.1.113883.18.36",ReAdmissionIndicator,re-admissionIndicator,"Code system of concepts which are used to specify that a patient is being re admitted to a healthcare facilityin from which they were discharged, and indicates the circumstances around such re-admission.  Used in HL7 Version 2.x messagine in the PV1 segment.","ValueSet/v2-0092"
http://terminology.hl7.org/CodeSystem/v2-0131,3.0.0,active,"2.16.840.1.113883.18.58",ContactRole2,contactRole2,"Code system of concepts which specify a relationship role that the next of kin/associated parties plays with regard to the patient. Also used in referrals, for example, it may be necessary to identify the contact representative at the clinic that sent a referral. Used in HL7 Version 2 messaging in the NK1 and CTD segments after 2.5, when it replace 2.16.840.1.113883.18.57.","ValueSet/patient-contactrelationship"
http://terminology.hl7.org/CodeSystem/v2-0203,5.0.0,active,"2.16.840.1.113883.18.108",IdentifierType,identifierType,"HL7-defined code system of concepts specifying type of identifier. Used in HL7 Version 2.x messaging data types CX, PLN, PPN, XCN and XON.","ValueSet/identifier-type,ValueSet/mii-vs-fall-identifier-type-codes,ValueSet/identifier-type-de-basis,ValueSet/mii-vs-labor-identifier-type-codes"
http://terminology.hl7.org/CodeSystem/v2-0371,3.0.0,active,"2.16.840.1.113883.18.229",AdditivePreservative,additivePreservative,"HL7-defined code system of concepts specifying any additive introduced to the specimen before or at the time of collection.  These additives may be introduced in order to preserve, maintain or enhance the particular nature or component of the specimen.  Used in HL7 Version 2.x messaging in the SPM and SAC segments.","ValueSet/v2-0371"
http://terminology.hl7.org/CodeSystem/v2-0373,3.0.0,active,"2.16.840.1.113883.18.231",Treatment,treatment,"Code system of concepts that identify the specimen treatment performed during lab processing.  Used in the Interaction Specimen Container Detail (SAC) segment in HL7 Version 2.x messaging.","ValueSet/specimen-processing-procedure"
http://terminology.hl7.org/CodeSystem/v2-0487,3.0.0,active,"2.16.840.1.113883.18.311",SpecimenType,specimenType,"HL7-defined code system of concepts that describe the precise nature of an entity that may be used as the source material for an observation.  This is one of two code systems that are used instead of table 0070 (code system 2.16.840.1.113883.18.28) which conflated specimen types and specimen collection methods.   Used in HL7 Version 2.x messaging in the SPM segment.","ValueSet/v2-0487"
http://terminology.hl7.org/CodeSystem/v2-0493,3.0.0,active,"2.16.840.1.113883.18.317",SpecimenCondition,specimenCondition,"Code system of concepts specifying a mode or state of being that describes the nature of the specimen.  Used in HL7 Version 2.x messaging in the SPM segment.","ValueSet/v2-0493"
http://terminology.hl7.org/CodeSystem/v2-0916,3.0.0,active,"2.16.840.1.113883.18.422",RelevantClincialInformation,relevantClincialInformation,"Code system of concepts specifying additional clinical information about the patient or specimen to report the supporting and/or suspected diagnosis and clinical findings on requests for interpreted diagnostic studies. Used in HL7 Version 2.x messaging in the OBR segment.","ValueSet/v2-0916"
http://terminology.hl7.org/CodeSystem/v3-ActCode,9.0.0,active,"2.16.840.1.113883.5.4",ActCode,ActCode,"A code specifying the particular kind of Act that the Act-instance represents within its class.    *Constraints:* The kind of Act (e.g. physical examination, serum potassium, inpatient encounter, charge financial transaction, etc.) is specified with a code from one of several, typically external, coding systems. The coding system will depend on the class of Act, such as LOINC for observations, etc.    Conceptually, the Act.code must be a specialization of the Act.classCode. This is why the structure of ActClass domain should be reflected in the superstructure of the ActCode domain and then individual codes or externally referenced vocabularies subordinated under these domains that reflect the ActClass structure.    Act.classCode and Act.code are not modifiers of each other but the Act.code concept should really imply the Act.classCode concept. For a negative example, it is not appropriate to use an Act.code ""potassium"" together with and Act.classCode for ""laboratory observation"" to somehow mean ""potassium laboratory observation"" and then use the same Act.code for ""potassium"" together with Act.classCode for ""medication"" to mean ""substitution of potassium"". This mutually modifying use of Act.code and Act.classCode is not permitted.","ValueSet/v3-ActCode,ValueSet/EncounterClassDE,ValueSet/provenance-activity-type,ValueSet/v3-ActEncounterCode"
http://terminology.hl7.org/CodeSystem/v3-ActPriority,3.0.0,active,"2.16.840.1.113883.5.7",ActPriority,ActPriority,"A set of codes (e.g., for routine, emergency), specifying the urgency under which the Act happened, can happen, is happening, is intended to happen, or is requested/demanded to happen.","ValueSet/v3-ActPriority"
http://terminology.hl7.org/CodeSystem/v3-ActReason,3.1.0,active,"2.16.840.1.113883.5.8",ActReason,ActReason,"A set of codes specifying the motivation, cause, or rationale of an Act, when such rationale is not reasonably represented as an ActRelationship of type ""has reason"" linking to another Act.    *Examples:* Example reasons that might qualify for being coded in this field might be: ""routine requirement"", ""infectious disease reporting requirement"", ""on patient request"", ""required by law"".","ValueSet/v3-PurposeOfUse,ValueSet/v3-SubstanceAdminSubstitutionReason"
http://terminology.hl7.org/CodeSystem/v3-Confidentiality,3.0.0,active,"2.16.840.1.113883.5.25",Confidentiality,Confidentiality,"A set of codes specifying the security classification of acts and roles in accordance with the definition for concept domain ""Confidentiality"".","ValueSet/v3-ConfidentialityClassification"
http://terminology.hl7.org/CodeSystem/v3-DataOperation,5.0.0,active,"2.16.840.1.113883.5.1123",DataOperation,DataOperation,"**** MISSING DESCRIPTION ****","ValueSet/provenance-activity-type"
http://terminology.hl7.org/CodeSystem/v3-DocumentCompletion,3.0.0,active,"2.16.840.1.113883.5.33",DocumentCompletion,DocumentCompletion,"Identifies the current completion state of a clinical document.","ValueSet/provenance-activity-type"
http://terminology.hl7.org/CodeSystem/v3-EncounterSpecialCourtesy,3.0.0,active,"2.16.840.1.113883.5.40",EncounterSpecialCourtesy,EncounterSpecialCourtesy,"**** MISSING DESCRIPTION ****","ValueSet/encounter-special-courtesy"
http://terminology.hl7.org/CodeSystem/v3-GTSAbbreviation,3.0.0,active,"2.16.840.1.113883.5.1022",GTSAbbreviation,GTSAbbreviation,"*Open Issue:* It appears that the printnames are suboptimal and should be improved for many of the existing codes.","ValueSet/timing-abbreviation"
http://terminology.hl7.org/CodeSystem/v3-MaritalStatus,3.0.0,active,"2.16.840.1.113883.5.2",MaritalStatus,MaritalStatus,"\* \* \* No description supplied \* \* \*    *Open Issue:* The specific meanings of these codes can vary somewhat by jurisdiction and implementation so caution should be used when determining equivalency.    *Open Issue:* fixing and completion of the hierarchy and proper good definitions of all the concepts is badly needed.","ValueSet/marital-status"
http://terminology.hl7.org/CodeSystem/v3-NullFlavor,3.0.0,active,"2.16.840.1.113883.5.1008",NullFlavor,NullFlavor,"A collection of codes specifying why a valid value is not present.","ValueSet/marital-status,ValueSet/encounter-special-courtesy"
http://terminology.hl7.org/CodeSystem/v3-ObservationInterpretation,3.0.0,active,"2.16.840.1.113883.5.83",ObservationInterpretation,ObservationInterpretation,"One or more codes providing a rough qualitative interpretation of the observation, such as ""normal"" / ""abnormal"", ""low"" / ""high"", ""better"" / ""worse"", ""resistant"" / ""susceptible"", ""expected"" / ""not expected"". The value set is intended to be for ANY use where coded representation of an interpretation is needed.","ValueSet/observation-interpretation"
http://terminology.hl7.org/CodeSystem/v3-ParticipationFunction,3.0.0,active,"2.16.840.1.113883.5.88",ParticipationFunction,ParticipationFunction,"This code is used to specify the exact function an actor had in a service in all necessary detail. This domain may include local extensions (CWE).","ValueSet/security-role-type"
http://terminology.hl7.org/CodeSystem/v3-ParticipationType,5.0.0,active,"2.16.840.1.113883.5.90",ParticipationType,ParticipationType,"A code specifying the meaning and purpose of every Participation instance. Each of its values implies specific constraints on the Roles undertaking the participation.","ValueSet/series-performer-function,ValueSet/security-role-type,ValueSet/encounter-participant-type,ValueSet/provenance-activity-type"
http://terminology.hl7.org/CodeSystem/v3-RoleClass,4.0.0,active,"2.16.840.1.113883.5.110",RoleClass,RoleClass,"Codes for the Role class hierarchy. The values in this hierarchy, represent a Role which is an association or relationship between two entities - the entity that plays the role and the entity that scopes the role. Roles names are derived from the name of the playing entity in that role.    The role hierarchy stems from three core concepts, or abstract domains:     *  **RoleClassOntological** is an abstract domain that collects roles in which the playing entity is defined or specified by the scoping entity.   *  **RoleClassPartitive** collects roles in which the playing entity is in some sense a ""part"" of the scoping entity.   *  **RoleClassAssociative** collects all of the remaining forms of association between the playing entity and the scoping entity. This set of roles is further partitioned between:             *  **RoleClassPassive** which are roles in which the playing entity is used, known, treated, handled, built, or destroyed, etc. under the auspices of the scoping entity. The playing entity is passive in these roles in that the role exists without an agreement from the playing entity.       *  **RoleClassMutualRelationship** which are relationships based on mutual behavior of the two entities. The basis of these relationship may be formal agreements or they may be *de facto* behavior. Thus, this sub-domain is further divided into:                     *  **RoleClassRelationshipFormal** in which the relationship is formally defined, frequently by a contract or agreement.           *  **Personal relationship** which inks two people in a personal relationship.    The hierarchy discussed above is represented In the current vocabulary tables as a set of abstract domains, with the exception of the ""Personal relationship"" which is a leaf concept.    *OpenIssue:* Description copied from Concept Domain of same name. Must be verified.","ValueSet/security-role-type"
http://terminology.hl7.org/CodeSystem/v3-RoleCode,3.0.0,active,"2.16.840.1.113883.5.111",RoleCode,RoleCode,"A set of codes further specifying the kind of Role; specific classification codes for further qualifying RoleClass codes.","ValueSet/v3-PersonalRelationshipRoleType,ValueSet/security-role-type,ValueSet/v3-FamilyMember,ValueSet/v3-ServiceDeliveryLocationRoleType"
http://terminology.hl7.org/CodeSystem/v3-TimingEvent,3.0.0,active,"2.16.840.1.113883.5.139",TimingEvent,TimingEvent,"**** MISSING DESCRIPTION ****","ValueSet/event-timing"
http://terminology.hl7.org/CodeSystem/v3-substanceAdminSubstitution,3.0.0,active,"2.16.840.1.113883.5.1070",SubstanceAdminSubstitution,Substance Admin Substitution,"Identifies what sort of change is permitted or has occurred between the therapy that was ordered and the therapy that was/will be provided.","ValueSet/v3-ActSubstanceAdminSubstitutionCode"
http://terminology.hl7.org/CodeSystem/variant-confidence-status-cs,3.0.0,active,,VariantConfidenceStatusCS,Variant Confidence Status Codes,"A code that represents the confidence of a true positive variant call.","ValueSet/variant-confidence-status-vs"
http://unitsofmeasure.org,3.0.1,active,"2.16.840.1.113883.6.8",UCUM,Unified Code for Units of Measure (UCUM),"The Unified Code for Units of Measure (UCUM) is a code system intended to include all units of measures being contemporarily used in international science, engineering, and business. The purpose is to facilitate unambiguous electronic communication of quantities together with their units. The focus is on electronic communication, as opposed to communication between humans. A typical application of The Unified Code for Units of Measure are electronic data interchange (EDI) protocols, but there is nothing that prevents it from being used in other types of machine communication.","ValueSet/VitalSignDE-Body-Weigth-UCUM,ValueSet/mii-vs-icu-unit-equivalent-ucum-breaths-per-minute,ValueSet/mii-vs-icu-unit-equivalent-ucum-milliliter,ValueSet/mii-vs-biobank-dna-concentration-units-ucum,ValueSet/DosageDoseQuantityDE,ValueSet/UcumVitalsCommonDE,ValueSet/mii-vs-icu-unit-equivalent-ucum-beats-per-minute,ValueSet/units-of-time,ValueSet/mii-vs-onko-strahlentherapie-strahlungseinheit,ValueSet/VitalSignDE-Body-Length-UCUM"
http://varnomen.hgvs.org,2.0.1,active,"2.16.840.1.113883.6.282",Hgvs,Human Genome Variation Society nomenclature,"HGVS nomenclatures are the guidelines for mutation nomenclature made by the Human Genome Variation Society.    HGVS nomenclature can be used with the HL7 coded data type (code data type that accepts expression data, or a coded expression data type). This coded data type should be able to distinguish expressions in HGVS nomenclature from coded concepts. For example, in the HL7 messages specified according to the HL7 V2 Clinical Genomics Fully LOINC-Qualified Genetic Variation Model, HGVS nomenclature can be used to as the observation values for DNA sequence variations. For example, OBX|1|CWE|48004-6^DNA Sequence Variation^LN||c.1129C>T^^HGVS|    Versioning information: The HGVS nomenclature for the description of sequence variants was last modified Feb 20, 2008. The HGVS nomenclature for the description of protein sequence variants was last modified May 12, 2007. The HGVS nomenclature for the description of DNA sequence variants was last modified June 15, 2007 The HGVS nomenclature for the description of RNA sequence variants was last modified May 12, 2007    HGVS nomenclatures can be used freely by the public.","ValueSet/hgvs-vs"
http://www.genenames.org,3.1.0,active,"2.16.840.1.113883.6.281",HGNCGenes,HUGO Gene Nomenclature Committee Genes,"""The HGNC is responsible for approving unique symbols and names for human loci, including protein coding genes, ncRNA genes and pseudogenes, to allow unambiguous scientific communication.""    The HGNC gene table carries gene IDs, gene symbols and full gene names. Guidance from HGNC confirms that gene symbols are not unique across species and have been known to change in some instances. Thus the commonly used gene symbols should be encoded in FHIR as ""displays"" with the corresponding IDs (beginning with ""HGNC:"") as the ""codes"".    ""For each known human gene we approve a gene name and symbol (short-form abbreviation). All approved symbols are stored in the HGNC database,[www.genenames.org](https://www.genenames.org/tools/search), a curated online repository of HGNC-approved gene nomenclature, gene groups and associated resources including links to genomic, proteomic and phenotypic information. Each symbol is unique and we ensure that each gene is only given one approved gene symbol. It is necessary to provide a unique symbol for each gene so that we and others can talk about them, and this also facilitates electronic data retrieval from publications and databases.""    HGNC also provides an index on gene families/groups. GeneGroup IDs do not begin with ""HGNC:"", so care must be made to ensure alignment of concepts when viewing an HGNC ID from an older system that may be referring to the GeneID and not a gene group. For example, 588 refers to the HLA gene family, but HGNC:588 identifies the ATG12 gene. To provide clarity for systems that do not distinguish codes from genes and gene families, use ""http://www.genenames.org"" for genes and ""http://www.genenames.org/genegroup"" for gene families as code system URIs.    For more information on HGNC Gene Groups, see [https://terminology.hl7.org/CodeSystem-HGNCGeneGroup.html](https://terminology.hl7.org/CodeSystem-HGNCGeneGroup.html).    Historically, HGNC gene symbols were used with the HL7 coded data type. For example, in the HL7 messages specified according to the HL7 V2 Clinical Genomics Fully LOINC-Qualified Genetic Variation Model Implementation Guide, HGNC gene symbols were used as the observation values for gene identifiers. For example, OBX 1 CWE 48018-6^Gene identifier^ BRCA1^HGNC. Please note that gene symbols may be present in legacy systems, but GeneID should be used to exchange HGNC gene information in current implementations.    HGNC is a free database for the public.    Versioning Information: The version of the HGNC database is reported using the last updated date. The last updated date is posted on the main HGNC Search screen in the format like ""2024-07-25"".    Current, monthly and quarterly HGNC dataset files are published.    Please see https://www.genenames.org/ for more info.","ValueSet/hgnc-vs"
http://www.genenames.org/genegroup,1.1.0,active,,HGNCGeneGroup,HUGO Gene Nomenclature Committee Gene Group,"""The HGNC is responsible for approving unique symbols and names for human loci, including protein coding genes, ncRNA genes and pseudogenes, to allow unambiguous scientific communication.""    HGNC Gene Group is an index on gene families/groups. The numeric GeneGroup IDs should be used as codes. GeneGroup IDs do not begin with ""HGNC:"" (like the GeneIDs for genes in HGNC Genes), so care must be made to ensure alignment of concepts when viewing an HGNC ID from an older system that may be referring to the GeneID and not a gene group. For example, 588 refers to the HLA gene family, but HGNC:588 identifies the ATG12 gene. To provide clarity for systems that do not distinguish codes from genes and gene families, use ""http://www.genenames.org"" for genes and ""http://www.genenames.org/genegroup"" for gene families as code system URIs.    ""For each known human gene we approve a gene name and symbol (short-form abbreviation). All approved symbols are stored in the HGNC database,[www.genenames.org](https://www.genenames.org/tools/search), a curated online repository of HGNC-approved gene nomenclature, gene groups and associated resources including links to genomic, proteomic and phenotypic information. Each symbol is unique and we ensure that each gene is only given one approved gene symbol. It is necessary to provide a unique symbol for each gene so that we and others can talk about them, and this also facilitates electronic data retrieval from publications and databases.""    For more information on the use of HGNC Genes, see [https://terminology.hl7.org/CodeSystem-v3-hgnc.html](https://terminology.hl7.org/CodeSystem-v3-hgnc.html).    HGNC is a free database for the public.    Please see https://www.genenames.org/ for more info.","ValueSet/hgnc-vs"
http://www.sequenceontology.org,1.0.0,active,,SO,Sequence Ontology,"""The Sequence Ontology is a set of terms and relationships used to describe the features and attributes of biological sequence. SO includes different kinds of features which can be located on the sequence. Biological features are those which are defined by their disposition to be involved in a biological process.""    ""The Sequence Ontologies are provided as a resource to the biological community. They have the following obvious uses:    * To provide for a structured controlled vocabulary for the description of primary annotations of nucleic acid sequence, e.g. the annotations shared by a DAS server ([BioDAS](http://www.biodas.org/documents/das2/das2_protocol.html), [Biosapiens DAS](http://www.biosapiens.info/page.php?page=das_portal)), or annotations encoded by [GFF3](http://www.sequenceontology.org/gff3.shtml).""    * To provide for a structured representation of these annotations within databases. Were genes within model organism databases to be annotated with these terms then it would be possible to query all these databases for, for example, all genes whose transcripts are edited, or trans-spliced, or are bound by a particular protein. One such genomic database is [Chado](http://www.gmod.org/wiki/Chado).    * To provide a structured controlled vocabulary for the description of mutations at both the sequence and more gross level in the context of genomic databases.""    ""The Sequence Ontology is part of [OBO](http://www.obofoundry.org/). It has close links to other ontology projects such as the [RNAO consortium](http://roc.bgsu.edu/), and the [Biosapiens polypeptide features](http://www.ebi.ac.uk/ontology-lookup/browse.do?ontName=BS).""    The content can be browsed [here](http://www.sequenceontology.org/browser/obob.cgi)    The content can be downloaded [here](https://github.com/The-Sequence-Ontology/SO-Ontologies)    For information on contributing, please see [here](https://github.com/The-Sequence-Ontology/SO-Ontologies#contributing)    To request a term or register feedback, see [here](https://github.com/The-Sequence-Ontology/SO-Ontologies/issues)","ValueSet/molecular-consequence-vs,ValueSet/functional-effect-vs,ValueSet/dna-change-type-vs"
https://fhir.bbmri-eric.eu/fhir/CodeSystem/miabis-detailed-samply-type-cs,null,active,,DetailedSampleTypeCS,DetailedSampleType,"Code system for the detailed sample type of a sample","ValueSet/miabis-detailed-sample-type-vs"
https://fhir.kbv.de/CodeSystem/KBV_CS_SFHIR_BMP_DOSIEREINHEIT,1.01,active,"1.2.276.0.76.3.1.1.5.2.41",KBV_CS_SFHIR_BMP_DOSIEREINHEIT,,"Die Schlüsseltabelle enthält eine Liste von kodierten Dosiereinheiten, die im Rahmen der Spezifikation zum bundeseinheitlichen Medikationsplan nach § 31a SGB V zu verwenden sind (vgl. Anhang 4 zu Anlage 3 Vereinbarung BMP). Die Spalte ""Code"" wird im Attribut ""V"", die Spalte ""Einheit Ausdruck"" im Attribut ""DN"", die Spalte  ""Bedeutung"" im Attribut ""bedeutung"" und die Spalte ""Einheit durch AM-Datenbanken unterstützt"" im Attribut ""unterstuetzt"" abgebildet.","ValueSet/DosageDoseQuantityDE"
https://www.meddra.org,3.0.0,active,"2.16.840.1.113883.6.163",MedDRA,Medical Dictionary for Regulatory Activities,"MedDRA is a multilingual standardised international medical terminology which can be used for regulatory communication and evaluation of data pertaining to medicinal products for human use.  MedDRA is designed for use in the registration, documentation and safety monitoring of medicinal products through all phases of the development cycle (i.e., from clinical trials to post-marketing surveillance).#13;   MedDRA is structured as a five level hierarchy. System Organ Classes (SOCs) are the broadest terms (e.g., Cardiac disorders, Investigations). The lowest level of the terminology is the Lowest Level Term (LLT) level.","ValueSet/mii-vs-onko-nebenwirkung-art"
https://www.medizininformatik-initiative.de/fhir/core/modul-person/CodeSystem/Vitalstatus,2026.0.0,active,,MII_CS_Person_Vitalstatus,MII CS Person Vitalstatus,"Vitalstatus des Patienten","ValueSet/mii-vs-person-vitalstatus"
https://www.medizininformatik-initiative.de/fhir/ext/modul-onko/CodeSystem/mii-cs-onko-allgemeiner-leistungszustand-ecog,2026.0.1,active,,MII_CS_Onko_Allgemeiner_Leistungszustand_ECOG,MII CS Onkologie Allgemeiner Leistungszustand ECOG,"oBDS-spezifisches Codesystem für den Allgemeinen Leistungszustand nach ECOG","ValueSet/mii-vs-onko-allgemeiner-leistungszustand-ecog"
https://www.medizininformatik-initiative.de/fhir/ext/modul-onko/CodeSystem/mii-cs-onko-allgemeiner-leistungszustand-karnofsky,2026.0.1,active,,MII_CS_Onko_Allgemeiner_Leistungszustand_Karnofsky,MII CS Onkologie Allgemeiner Leistungszustand Karnofsky,"oBDS-spezifisches Codesystem für den Allgemeinen Leistungszustand nach Karnofsky","ValueSet/mii-vs-onko-allgemeiner-leistungszustand-karnofsky"
https://www.medizininformatik-initiative.de/fhir/ext/modul-onko/CodeSystem/mii-cs-onko-asa-obds,2026.0.1,active,,MII_CS_Onko_ASA_oBDS,MII CS Onkologie ASA-Klassifikation oBDS,"oBDS-basiertes CodeSystem für ASA-Klassifikation (ursprünglich KR9 aus Kolorektales Karzinom Modul, generalisiert für alle onkologischen Indikationen)","ValueSet/mii-vs-onko-asa-obds"
https://www.medizininformatik-initiative.de/fhir/ext/modul-onko/CodeSystem/mii-cs-onko-fernmetastasen,2026.0.1,active,,MII_CS_Onko_Fernmetastasen,MII CS Onkologie Fernmetastasen,"oBDS-spezifisches Codesystem für Fernmetastasen, basierend auf Spezifikation durch TNM-Klassifikation","ValueSet/mii-vs-onko-fernmetastasen"
https://www.medizininformatik-initiative.de/fhir/ext/modul-onko/CodeSystem/mii-cs-onko-genetische-variante-auspraegung,2026.0.1,active,,MII_CS_Onko_Genetische_Variante_Auspraegung,MII CS Onkologie Genetische Variante Ausprägung,"oBDS-spezifisches Codesystem Konsequenz der genetischen Variante Ausprägung","ValueSet/mii-vs-onko-genetische-variante-auspraegung"
https://www.medizininformatik-initiative.de/fhir/ext/modul-onko/CodeSystem/mii-cs-onko-grading,2026.0.1,active,,MII_CS_Onko_Grading,MII CS Onkologie Grading,"Codes für Histologie Grading. Gibt den Differenzierungsgrad des Tumors entsprechend der aktuellen TNM-Auflage an.","ValueSet/mii-vs-onko-grading"
https://www.medizininformatik-initiative.de/fhir/ext/modul-onko/CodeSystem/mii-cs-onko-intention,2026.0.1,active,,MII_CS_Onko_Intention,MII CS Onkologie Intention,"oBDS-spezifisches Codesystem für Klassifikation von Intention der OP, der Strahlentherapie und der Systemischen Therapie.","ValueSet/mii-vs-onko-systemische-therapie-intention,ValueSet/mii-vs-onko-strahlentherapie-intention,ValueSet/mii-vs-onko-operation-intention"
https://www.medizininformatik-initiative.de/fhir/ext/modul-onko/CodeSystem/mii-cs-onko-krk-anastomoseninsuffizienz,2026.0.1,active,,MII_CS_Onko_KRK_Anastomoseninsuffizienz,MII CS Onkologie KRK Anastomoseninsuffizienz,"oBDS-spezifisches Codesystem für Anastomoseninsuffizienz beim Kolorektalen Karzinom","ValueSet/mii-vs-onko-krk-anastomoseninsuffizienz"
https://www.medizininformatik-initiative.de/fhir/ext/modul-onko/CodeSystem/mii-cs-onko-krk-mrt-mesorektale-faszie-status,2026.0.1,active,,MII_CS_Onko_KRK_MRT_Mesorektale_Faszie_Status,,"oBDS-basiertes Codesystem für den Status der MRT/CT Untersuchung zur mesorektalen Faszie beim Kolorektalen Karzinom (KR5)","ValueSet/mii-vs-onko-krk-mrt-mesorektale-faszie-status"
https://www.medizininformatik-initiative.de/fhir/ext/modul-onko/CodeSystem/mii-cs-onko-krk-tme-qualitaet,2026.0.1,active,,MII_CS_Onko_KRK_TME_Qualitaet,MII CS Onkologie TME Qualität,"oBDS-spezifisches Codesystem TME-Präparat, basierend auf der S3-Leitlinie Mammakarzinom v","ValueSet/mii-vs-onko-krk-tme-qualitaet"
https://www.medizininformatik-initiative.de/fhir/ext/modul-onko/CodeSystem/mii-cs-onko-mamma-her2neu-status-leitlinie,2026.0.1,active,,MII_CS_Onko_Mamma_Her2neu_Status_Leitlinie,MII CS Onkologie Mamma Her2neu Status Leitlinie,"Codesystem für Her2neu Status basierend auf der S3-Leitlinie Mammakarzinom und ASCO/CAP Guidelines mit erweiterten Klassifikationen (HER2-low, HER2-ultralow)","ValueSet/mii-vs-onko-mamma-her2neu-status-leitlinie"
https://www.medizininformatik-initiative.de/fhir/ext/modul-onko/CodeSystem/mii-cs-onko-mamma-her2neu-status-obds,2026.0.1,active,,MII_CS_Onko_Mamma_Her2neu_Status_oBDS,MII CS Onkologie Mamma Her2neu Status oBDS,"oBDS-spezifisches Codesystem für Her2neu Status gemäß oBDS Feld M4 (243)","ValueSet/mii-vs-onko-mamma-her2neu-status-obds"
https://www.medizininformatik-initiative.de/fhir/ext/modul-onko/CodeSystem/mii-cs-onko-mamma-rezeptorstatus-leitlinie,2026.0.1,active,,MII_CS_Onko_Mamma_Rezeptorstatus_Leitlinie,MII CS Onkologie Mamma Rezeptorstatus,"oBDS-spezifisches Codesystem Mamma-Rezeptorstatus, basierend auf der S3-Leitlinie Mammakarzinom v5.02 Abschnitt 4.5.4","ValueSet/mii-vs-onko-mamma-rezeptorstatus-leitlinie"
https://www.medizininformatik-initiative.de/fhir/ext/modul-onko/CodeSystem/mii-cs-onko-melanom-ulzeration,2026.0.1,active,,MII_CS_Onko_Melanom_Ulzeration,MII CS Onkologie Melanom Ulzeration,"Codes für die Ulzeration beim Malignen Melanom der Haut nach oBDS","ValueSet/mii-vs-onko-melanom-ulzeration"
https://www.medizininformatik-initiative.de/fhir/ext/modul-onko/CodeSystem/mii-cs-onko-nebenwirkung-ctcae-grad,2026.0.1,active,,MII_CS_Onko_Nebenwirkung_CTCAE_Grad,MII CS Onko Nebenwirkung nach CTCAE-Grad,"Gibt an, zu welchem Schweregrad von Nebenwirkungen es bei der Bestrahlung oder der systemischen Therapie gekommen ist.","ValueSet/mii-vs-onko-nebenwirkung-ctcae-grad"
https://www.medizininformatik-initiative.de/fhir/ext/modul-onko/CodeSystem/mii-cs-onko-operation-komplikation,2026.0.1,active,,MII_CS_Onko_Operation_Komplikationen,MII CS Onkologie Operation Komplikationen,"oBDS-spezifisches Codesystem für Klassifikation von Komplikationen während der OP","ValueSet/mii-vs-onko-operation-komplikation"
https://www.medizininformatik-initiative.de/fhir/ext/modul-onko/CodeSystem/mii-cs-onko-operation-urgency,2026.0.1,active,,MII_CS_Onko_Operation_Urgency,,"oBDS-basiertes Codesystem für die Modalität der Eingriffsdurchführung (Art des Eingriffs KR6)","ValueSet/mii-vs-onko-operation-urgency"
https://www.medizininformatik-initiative.de/fhir/ext/modul-onko/CodeSystem/mii-cs-onko-primaertumor-diagnosesicherung,2026.0.1,active,,MII_CS_Onko_Primaertumor_Diagnosesicherung,MII CS Onkologie Primärtumor Diagnosesicherung,"Codes für Primärtumor Diagnosesicherung, d.h. die höchste erreichte Diagnosesicherheit der Diagnose.","ValueSet/mii-vs-onko-primaertumor-diagnosesicherung"
https://www.medizininformatik-initiative.de/fhir/ext/modul-onko/CodeSystem/mii-cs-onko-prostata-postsurgical-complications,2026.0.1,active,,MII_CS_Onko_Prostata_Postsurgical_Complications,MII CS Onkologie Prostata Postoperative Komplikationen,"CodeSystem zur Darstellung des Vorhandenseins von postoperativen Komplikationen nach Prostatektomie in der Onkologie","ValueSet/mii-vs-onko-prostata-postsurgical-complications"
https://www.medizininformatik-initiative.de/fhir/ext/modul-onko/CodeSystem/mii-cs-onko-residualstatus,2026.0.1,active,,MII_CS_Onko_Residualstatus,MII CS Onkologie Residualstatus,"oBDS-spezifisches Codesystem für R-Klassifikation","ValueSet/mii-vs-onko-gesamtbeurteilung-residualstatus,ValueSet/mii-vs-onko-beurteilung-lokaler-residualstatus"
https://www.medizininformatik-initiative.de/fhir/ext/modul-onko/CodeSystem/mii-cs-onko-seitenlokalisation,2026.0.1,active,,MII_CS_Onko_Seitenlokalisation,MII CS Onkologie Primärtumor Seitenlokalisation,"Codes für Seitenlokalisation, d.h. organspezifische Angabe der betroffenen Seite.","ValueSet/mii-vs-onko-seitenlokalisation"
https://www.medizininformatik-initiative.de/fhir/ext/modul-onko/CodeSystem/mii-cs-onko-strahlentherapie-applikationsart,2026.0.1,active,,MII_CS_Onko_Strahlentherapie_Applikationsart,MII CS Onkologie Strahlentherapie Applikationsart,"oBDS-spezifisches Codesystem für Klassifikation von Intention der OP","ValueSet/mii-vs-onko-strahlentherapie-applikationsart"
https://www.medizininformatik-initiative.de/fhir/ext/modul-onko/CodeSystem/mii-cs-onko-strahlentherapie-boost,2026.0.1,active,,MII_CS_Onko_Strahlentherapie_Boost,MII CS Onkologie Strahlentherapie Boost,"oBDS-spezifisches Codesystem für Klassifikation von Strahlentherapie-Boosts","ValueSet/mii-vs-onko-strahlentherapie-boost"
https://www.medizininformatik-initiative.de/fhir/ext/modul-onko/CodeSystem/mii-cs-onko-strahlentherapie-strahlenart,2026.0.1,active,,MII_CS_Onko_Strahlentherapie_Strahlenart,MII CS Onkologie Strahlentherapie Strahlenart,"oBDS-spezifisches Codesystem für Klassifikation von eingesetzter Strahlenart","ValueSet/mii-vs-onko-strahlentherapie-strahlenart"
https://www.medizininformatik-initiative.de/fhir/ext/modul-onko/CodeSystem/mii-cs-onko-strahlentherapie-zielgebiet,2026.0.1,active,,MII_CS_Onko_Strahlentherapie_Zielgebiet,MII CS Onkologie Strahlentherapie Zielgebiet,"oBDS-spezifisches Codesystem für Klassifikation von Zielgebiet von Strahlentherapie","ValueSet/mii-vs-onko-strahlentherapie-zielgebiet"
https://www.medizininformatik-initiative.de/fhir/ext/modul-onko/CodeSystem/mii-cs-onko-strahlentherapie-zielgebiet-2014,2026.0.1,active,,MII_CS_Onko_Strahlentherapie_Zielgebiet_2014,MII CS Onkologie Strahlentherapie Zielgebiet oBDS 2014 (Legacy),"oBDS 2014 Legacy-Codesystem für Klassifikation von Zielgebiet von Strahlentherapie - nur für Datenimport und Migration","ValueSet/mii-vs-onko-strahlentherapie-zielgebiet"
https://www.medizininformatik-initiative.de/fhir/ext/modul-onko/CodeSystem/mii-cs-onko-studienteilnahme,2026.0.1,active,,Studienteilnahme,MII CS Onkologie Studienteilnahme,"oBDS-spezifisches Codesystem den Status der Studienteilnahme","ValueSet/mii-vs-onko-studienteilnahme"
https://www.medizininformatik-initiative.de/fhir/ext/modul-onko/CodeSystem/mii-cs-onko-systemische-therapie-protokolle,2026.0.1,active,,MII_CS_Onko_Systemische_Therapie_Protokolle,MII CS Onkologie Systemische Therapie Protokolle,"oBDS-spezifisches Codesystem für Protokolle systemischer Therapien","ValueSet/mii-vs-onko-systemische-therapie-protokolle"
https://www.medizininformatik-initiative.de/fhir/ext/modul-onko/CodeSystem/mii-cs-onko-therapie-ende-grund,2026.0.1,active,,MII_CS_Onko_Therapie_Ende_Grund,MII CS Onkologie Strahlentherapie Ende Grund,"oBDS-spezifisches Codesystem für Klassifikation des Grundes der Beendigung der Strahlentherapie oder der systemischen Therapie","ValueSet/mii-vs-onko-systemische-therapie-ende-grund,ValueSet/mii-vs-onko-strahlentherapie-ende-grund"
https://www.medizininformatik-initiative.de/fhir/ext/modul-onko/CodeSystem/mii-cs-onko-therapie-stellungzurop,2026.0.1,active,,MII_CS_Onko_Therapie_StellungZurOp,MII CS Onkologie Therapie Stellung,"oBDS-spezifisches Codesystem für Klassifikation von Stellung zur OP","ValueSet/mii-vs-onko-strahlentherapie-stellungzurop,ValueSet/mii-vs-onko-systemische-therapie-stellungzurop"
https://www.medizininformatik-initiative.de/fhir/ext/modul-onko/CodeSystem/mii-cs-onko-therapie-typ,2026.0.1,active,,MII_CS_Onko_Therapie_Typ,MII CS Onko Therapie Typ,"Typ der Therapie","ValueSet/mii-vs-onko-systemische-therapie-art,ValueSet/mii-vs-onko-therapieempfehlung-typ"
https://www.medizininformatik-initiative.de/fhir/ext/modul-onko/CodeSystem/mii-cs-onko-therapieabweichung,2026.0.1,active,,MII_CS_Onko_Therapieabweichung,MII CS Onkologie Therapieabweichung,"oBDS-spezifisches Codesystem für die Therapieabweichung auf Wunsch des Patients.","ValueSet/mii-vs-onko-therapieabweichung"
https://www.medizininformatik-initiative.de/fhir/ext/modul-onko/CodeSystem/mii-cs-onko-therapieplanung-typ,2026.0.1,active,,MII_CS_Onko_Therapieplanung_Typ,MII CS Onkologie Therapieplanung Typ,"oBDS-spezifisches Codesystem für den Therapieplanungstyp","ValueSet/mii-vs-onko-therapieplanung-typ"
https://www.medizininformatik-initiative.de/fhir/ext/modul-onko/CodeSystem/mii-cs-onko-tnm-version,2026.0.1,active,,MII_CS_Onko_TNM_Version,MII CS Onkologie TNM Version,"Codes für TNM Version/Auflage nach welcher Version des TNM klassifiziert wird.","ValueSet/mii-vs-onko-tnm-version"
https://www.medizininformatik-initiative.de/fhir/ext/modul-onko/CodeSystem/mii-cs-onko-tod,2026.0.1,active,,MII_CS_Onko_Tod,MII CS Onkologie Tod,"oBDS-spezifisches Codesystem tumorbedingter Tod","ValueSet/mii-vs-onko-tod"
https://www.medizininformatik-initiative.de/fhir/ext/modul-onko/CodeSystem/mii-cs-onko-verlauf-fernmetastasen,2026.0.1,active,,MII_CS_Onko_Verlauf_Fernmetastasen,MII CS Onkologie Verlauf Fernmetastasen,"oBDS-spezifisches Codesystem für die Beurteilung von Fernmetastasen im Behandlungsverlauf","ValueSet/mii-vs-onko-verlauf-fernmetastasen"
https://www.medizininformatik-initiative.de/fhir/ext/modul-onko/CodeSystem/mii-cs-onko-verlauf-gesamtbeurteilung,2026.0.1,active,,MII_CS_Onko_Verlauf_Gesamtbeurteilung,MII CS Onkologie Verlauf Gesamtbeurteilung,"oBDS-spezifisches Codesystem für die Gesamtbeurteilung im Behandlungsverlauf","ValueSet/mii-vs-onko-verlauf-gesamtbeurteilung"
https://www.medizininformatik-initiative.de/fhir/ext/modul-onko/CodeSystem/mii-cs-onko-verlauf-lymphknoten,2026.0.1,active,,MII_CS_Onko_Verlauf_Lymphknoten,MII CS Onkologie Verlauf Lymphknoten,"oBDS-spezifisches Codesystem für die Beurteilung von Lymphknoten im Behandlungsverlauf","ValueSet/mii-vs-onko-verlauf-lymphknoten"
https://www.medizininformatik-initiative.de/fhir/ext/modul-onko/CodeSystem/mii-cs-onko-verlauf-primaertumor,2026.0.1,active,,MII_CS_Onko_Verlauf_Primaertumor,MII CS Onkologie Verlauf Primärtumor,"oBDS-spezifisches Codesystem für die Beurteilung des Primärtumors im Behandlungsverlauf","ValueSet/mii-vs-onko-verlauf-primaertumor"
https://www.medizininformatik-initiative.de/fhir/ext/modul-onko/CodeSystem/mii-cs-onko-weitere-klassifikationen-obds,2026.0.1,active,,MII_CS_Onko_Weitere_Klassifikationen_OBDS,MII CodeSystem Onkologie - Weitere Klassifikationen oBDS,"oBDS-specific classification systems and scoring systems not yet covered by international terminologies (SNOMED CT, NCI Thesaurus). These codes supplement the existing ValueSet for additional classifications. Research required: Check if SNOMED CT or LOINC codes exist for these scoring systems before using oBDS-specific codes.","ValueSet/mii-vs-onko-weitere-klassifikationen-auspraegungen"
https://www.medizininformatik-initiative.de/fhir/ext/modul-seltene/CodeSystem/mii-cs-seltene-empfehlung-status-begruendung,null,active,,MII_CS_Seltene_Empfehlung_StatusBegruendung,MII CS SE Empfehlung Status Begründung,"Begründung bei fehlender Empfehlung","ValueSet/mii-vs-seltene-empfehlung-status-begruendung"
https://www.medizininformatik-initiative.de/fhir/ext/modul-seltene/CodeSystem/mii-cs-seltene-hpo-change-status,2026.0.0,active,,MII_CS_Seltene_HPO_ChangeStatus,MII CS Seltene Erkrankungen HPO Change Status,"CodeSystem zur Dokumentation von Änderungen bei HPO-Phänotypen über Zeit","ValueSet/mii-vs-seltene-symptom-change-status-combined"
https://www.medizininformatik-initiative.de/fhir/ext/modul-seltene/CodeSystem/mii-cs-seltene-narse-therapietyp,2026.0.0,active,,MII_CS_Seltene_NARSE_Therapietyp,MII CS Seltene Erkrankungen NARSE Therapietyp,"CodeSystem für NARSE-spezifische Therapietypen bei Seltenen Erkrankungen","ValueSet/mii-vs-seltene-narse-therapietyp"
https://www.medizininformatik-initiative.de/fhir/ext/modul-seltene/CodeSystem/mii-cs-seltene-therapieempfehlung-strategie,2026.0.0,active,,MII_CS_Seltene_TherapieempfehlungStrategie,MII CS SE Therapieempfehlung Strategie,"Strategietypen für Therapieempfehlungen bei seltenen Erkrankungen, abgeleitet aus MV GenomSeq","ValueSet/mii-vs-seltene-therapieempfehlung-strategie-nicht-medikamentoes,ValueSet/mii-vs-seltene-therapieempfehlung-strategie-medikamentoes"
https://www.medizininformatik-initiative.de/fhir/ext/modul-seltene/CodeSystem/mii-cs-seltene-therapieempfehlung-typ,2026.0.0,active,,MII_CS_Seltene_TherapieempfehlungTyp,MII CS SE Therapieempfehlung Typ,"Therapietyp (kausal vs. symptomatisch) für Therapieempfehlungen bei seltenen Erkrankungen, abgeleitet aus MV GenomSeq","ValueSet/mii-vs-seltene-therapieempfehlung-typ"
https://www.uicc.org/resources/tnm,2026.0.1,active,,MII_CS_Onko_TNM_UICC,MII CS Onkologie TNM UICC,"Codes für TNM UICC Ausprägungen.","ValueSet/mii-vs-onko-tnm-n-kategorie-werte,ValueSet/mii-vs-onko-tnm-cp-praefix,ValueSet/mii-vs-onko-tnm-l-kategorie-werte,ValueSet/mii-vs-onko-tnm-m-symbol,ValueSet/mii-vs-onko-tnm-m-kategorie-werte,ValueSet/mii-vs-onko-tnm-v-kategorie-werte,ValueSet/mii-vs-onko-tnm-s-kategorie-werte,ValueSet/mii-vs-onko-tnm-uicc-stadium,ValueSet/mii-vs-onko-tnm-t-kategorie-werte,ValueSet/mii-vs-onko-tnm-pn-kategorie-werte"
urn:ietf:bcp:47,2.0.1,active,"2.16.840.1.113883.6.121",Ietf3066,Tags for the Identification of Languages,"Older value from OID registry.  Superceded; see recommendations in BCP-47.","ValueSet/languages"
urn:iso-astm:E1762-95:2013,4.0.1,draft,"2.16.840.1.113883.4.642.4.64",SignatureTypeCodes,Signature Type Codes,"The Digital Signature Purposes, an indication of the reason an entity signs a document. This is included in the signed information and can be used when determining accountability for various actions concerning the document. Examples include: author, transcriptionist/recorder, and witness.","ValueSet/88464c5b-5338-4c2b-9c07-b42fef2ada64"
urn:iso:std:iso:11073:10101,20250520,active,"2.16.840.1.113883.6.24",Mdc,ISO/IEEE 11073 Medical Device Communication Nomenclature,"The nomenclature relates primarily to vital signs monitoring, but also includes semantics of other medical devices that are commonly used in acute care settings. There are multiple coding partitions each of which has a systematic name consisting of a set of base concepts and differentiating criteria.","ValueSet/mii-vs-icu-code-observation-beatmung-iso11073,ValueSet/mii-vs-icu-code-observation-bilanzen-iso11073,ValueSet/devicemetric-type,ValueSet/vs-mii-icu-code-monitoring-und-vitaldaten-iso11073"
urn:iso:std:iso:3166,1.0.1,active,"1.0.3166.1",ISO3166Part1,ISO 3166-1 Codes for the representation of names of countries and their subdivisions — Part 1: Country code,"ISO 3166-1 establishes codes that represent the current names of countries, dependencies, and other areas of particular geopolitical interest, on the basis of country names obtained from the United Nations.","ValueSet/jurisdiction,ValueSet/iso3166-1-2"
urn:iso:std:iso:3166-2:de,1.5.4,active,,CodeSystemISO31662DE,ISO-3166-2:de-Laendercodes,"Die Liste der ISO-3166-2:DE Codes für Deutschland enthält die Codes für die deutschen Länder.","ValueSet/ValueSetISO31662DE"
urn:iso:std:iso:3166:-2,1.0.1,active,"1.0.3166.2",ISO3166Part2,ISO 3166-2 Codes for the representation of names of countries and their subdivisions — Part 2: Country subdivision code,"ISO 3166-2 establishes a code that represents the names of the principal administrative divisions, or similar areas, of the countries and entities included in ISO 3166-1.","ValueSet/jurisdiction"
urn:oid:1.2.36.1.2001.1001.101.104.16592,4.0.1,draft,"1.2.36.1.2001.1001.101.104.16592,2.16.840.1.113883.4.642.4.321",PatientMedicineChangeTypes,Patient Medicine Change Types,"Example Item Flags for the List Resource. In this case, these are the kind of flags that would be used on a medication list at the end of a consultation.","ValueSet/list-item-flag"
urn:oid:2.16.840.1.113883.3.1937.777.24.5.3,1.1.0,active,"2.16.840.1.113883.3.1937.777.24.5.3",MII CS Consent Policy,MII Consent: Policy CodeSystem,"Codesystem mit Consent-Policy-Codes zur interoperablen Operationalisierung bzw. Durchsetzung (Enforcement) von Consent Informationen des MII Broad Consent","ValueSet/2.16.840.1.113883.3.1937.777.24.11.36--20230331232804"
